NodeCount,SimCnt,CompileTime,KeyGenerationTime,EncryptionTime,ExecutionTime,DecryptionTime,ReferenceExecutionTime,Mse
12,0,6.62014,73.93455,25.23997,117.91821,10.81844,5.85906,0.000000345
12,1,7.79189,80.04856,32.66313,133.63831,13.39261,6.48849,0.000000782
12,2,6.17996,55.07643,20.27076,96.38572,8.08455,4.56643,0.000000437
12,3,6.48091,50.69761,19.14473,98.04171,8.05612,5.03771,0.000000556
12,4,6.47226,69.65839,25.09498,118.20064,10.12102,5.73015,0.000001014
12,5,5.67778,51.79993,18.35472,91.33340,8.15055,4.62036,0.000000389
12,6,6.70227,77.53811,30.88055,111.26998,12.24328,5.55886,0.000000507
12,7,7.65693,85.21568,30.41963,126.02405,13.04429,6.10299,0.000000699
12,8,6.43363,63.96777,26.04520,98.39892,10.03662,4.89408,0.000000645
12,9,6.87457,54.22463,20.23342,111.81206,8.46911,5.21072,0.000000835
12,10,8.55935,89.25380,36.67686,126.04405,14.21773,6.03725,0.000001085
12,11,6.53240,76.39670,31.16946,115.03755,12.76619,5.89185,0.000000490
12,12,7.48904,66.74258,25.52594,117.81321,10.72051,5.79789,0.000000503
12,13,5.69959,49.95935,18.74416,84.53980,7.50068,4.04268,0.000000296
12,14,6.19924,61.17379,24.40974,106.66647,10.37722,5.29281,0.000000304
12,15,7.54625,71.79409,26.08129,118.55753,10.35572,5.81311,0.000000473
12,16,7.12886,66.43744,26.31542,116.10789,10.76009,5.84154,0.000000688
12,17,7.01944,70.12339,24.61443,115.59361,10.50502,5.76982,0.000000264
12,18,8.24034,96.15685,42.81372,124.83000,18.31935,6.85445,0.000001374
12,19,5.54859,54.24208,19.13595,94.97674,7.87311,4.52144,0.000000576
12,20,6.34348,64.70658,24.81524,85.52460,9.94351,4.36085,0.000000842
12,21,6.18710,47.55371,18.47817,99.95879,8.29503,5.19619,0.000000507
12,22,5.67241,52.69012,19.91459,85.72146,8.05658,4.13535,0.000000491
12,23,6.53204,66.79658,25.34439,109.82507,10.35713,5.07577,0.000000746
12,24,7.09484,63.35353,24.18623,107.55007,10.10031,5.45457,0.000000524
12,25,7.61075,100.68425,38.97209,121.79829,16.55386,6.17754,0.000001308
12,26,5.74567,53.38306,19.64232,87.49455,7.73583,4.26561,0.000000620
12,27,5.29641,51.23277,18.92854,83.21753,7.97912,3.92029,0.000000672
12,28,4.94257,48.28619,18.77640,80.87667,8.00790,4.12135,0.000000423
12,29,6.32212,56.74404,18.95156,107.67570,8.29338,5.28905,0.000000597
12,30,6.46112,53.00368,18.56504,103.34654,8.73491,5.02421,0.000000412
12,31,5.00551,50.75723,19.28863,76.94286,7.91205,4.21907,0.000000093
12,32,5.86804,53.44085,19.11068,93.50445,8.12716,4.81779,0.000000754
12,33,7.37320,88.30185,37.23391,119.03986,16.54976,6.46636,0.000000771
12,34,4.78575,51.31268,19.10767,79.33362,7.67748,3.93663,0.000000280
12,35,5.47868,66.48882,25.19501,96.07901,10.25112,4.95667,0.000000453
12,36,7.02984,50.37424,19.93111,98.94332,8.20562,4.80729,0.000000424
12,37,7.70812,72.61108,25.08911,122.08826,10.36655,6.85764,0.000000296
12,38,6.86610,50.19919,19.53493,107.18575,8.09008,5.74901,0.000000235
12,39,5.98766,57.39037,19.54986,105.49413,8.09977,4.92263,0.000000132
12,40,6.35641,76.83042,30.75949,107.47728,12.02239,5.28865,0.000001503
12,41,8.89824,111.81862,48.32401,142.52794,19.88443,7.78809,0.000001660
12,42,6.43864,69.54408,25.26841,110.90405,10.49770,5.68950,0.000000552
12,43,6.39415,55.57098,24.65444,100.15012,10.22121,5.02719,0.000000200
12,44,6.52120,64.36875,25.32606,101.01745,10.87607,5.09699,0.000001118
12,45,8.65969,93.14370,37.81495,134.75949,14.97039,6.95558,0.000000627
12,46,5.26925,49.64262,18.35341,85.24363,7.63805,4.36599,0.000000255
12,47,5.42197,62.54451,24.78349,95.83084,10.16050,4.83357,0.000000433
12,48,5.98758,45.83576,18.21316,95.04094,7.59289,4.67351,0.000000313
12,49,6.59924,61.82133,19.13493,102.92587,8.20443,5.14512,0.000000401
12,50,6.26111,72.75657,24.14125,105.96952,10.69810,5.25140,0.000001709
12,51,8.34546,93.07239,30.06519,125.80409,12.46774,6.43488,0.000001443
12,52,6.39214,73.61904,30.79195,104.42794,12.33506,5.28793,0.000000122
12,53,5.18229,52.71900,19.82302,84.32140,8.17885,4.56404,0.000000341
12,54,5.64335,60.65093,25.44777,92.88804,10.46160,4.91999,0.000000407
12,55,4.61182,36.20523,12.97716,64.55885,5.57969,3.22933,0.000000294
12,56,8.23941,98.28283,40.90056,130.94727,17.35941,7.01203,0.000000652
12,57,6.07043,58.68120,25.29265,98.39996,10.21141,5.19818,0.000000186
12,58,5.81310,51.40941,17.99275,78.71461,8.06630,3.93373,0.000000568
12,59,7.90413,84.20714,36.17425,137.04236,15.24419,6.97945,0.000000502
12,60,6.74082,77.60225,31.69459,111.56058,13.20681,5.90856,0.000000428
12,61,6.95053,71.56703,29.25494,106.08351,12.36788,5.46323,0.000000902
12,62,6.15577,56.14257,19.63651,92.58895,8.31907,4.38741,0.000000789
12,63,7.98745,79.04397,32.01308,120.87176,13.40473,6.38655,0.000001091
12,64,5.69617,53.98792,18.95095,82.38686,7.80267,4.20504,0.000000657
12,65,4.77388,40.70367,13.91317,79.65709,5.74620,3.85421,0.000000095
12,66,5.62952,50.42638,18.25751,91.50176,7.72535,4.44772,0.000000300
12,67,4.61515,48.73042,18.74199,75.64256,8.05880,3.78896,0.000000791
12,68,7.16073,85.99757,36.43214,117.12885,14.72684,6.15306,0.000000299
12,69,4.79720,40.28679,12.64514,69.85702,5.58034,3.78535,0.000000299
12,70,6.19908,71.77680,29.68375,105.14419,12.34388,5.42132,0.000000912
12,71,6.65121,78.55742,30.37909,111.70795,12.75998,5.61596,0.000000209
12,72,6.26868,45.22261,19.95503,95.61566,8.31732,4.76018,0.000000229
12,73,5.43531,49.63893,19.12515,84.13174,8.46910,4.70520,0.000000280
12,74,5.35218,59.02039,23.86864,91.77005,10.13514,4.47810,0.000000366
12,75,7.67914,73.44281,32.40429,118.67621,12.72938,5.76512,0.000000654
12,76,5.30584,41.20563,14.05383,79.46115,5.70087,3.97459,0.000000258
12,77,5.42067,50.99199,19.33343,86.90572,8.14813,4.39215,0.000000911
12,78,4.94095,50.06270,18.52466,79.13517,7.83775,4.00693,0.000000717
12,79,5.55174,52.96823,21.22340,97.07487,8.11117,4.53467,0.000000222
12,80,6.09094,49.73154,18.85173,94.29279,7.65700,4.49531,0.000000207
12,81,9.01308,94.30287,31.39214,139.34585,12.24623,6.56620,0.000001013
12,82,6.82639,83.90670,29.20254,113.79195,12.59391,5.73020,0.000000625
12,83,6.80555,76.57314,32.49562,106.24449,12.49444,5.43943,0.000001727
12,84,7.12873,72.97251,31.04500,116.30859,12.69274,5.91809,0.000000464
12,85,4.91980,48.68078,18.43649,75.33318,7.64953,3.79744,0.000000312
12,86,6.95754,72.34650,24.88808,122.67942,10.39413,5.93891,0.000000599
12,87,6.57897,60.11894,18.24812,104.27667,7.62256,5.03048,0.000000271
12,88,6.95009,69.09552,30.01717,112.09734,12.67881,5.55815,0.000000343
12,89,7.12076,58.02635,19.23313,103.23757,8.63430,5.01516,0.000002671
12,90,6.42480,60.91655,25.37771,94.65785,10.53045,4.89540,0.000000854
12,91,7.54764,73.47470,29.55461,110.12431,11.69164,5.44529,0.000000388
12,92,5.10632,44.26689,14.79459,80.87842,5.77261,3.71410,0.000000758
12,93,7.78723,90.60127,33.50337,147.67002,13.25352,6.65987,0.000001162
12,94,8.47552,75.97662,25.48333,137.95533,10.13807,7.47562,0.000000406
12,95,9.85500,81.13698,30.35494,125.99555,10.62411,6.87838,0.000000242
12,96,12.34739,121.41682,38.70365,177.87393,12.66078,8.47997,0.000000754
12,97,7.81978,102.06771,41.53083,144.19027,15.96552,6.72799,0.000000475
12,98,8.83217,92.33012,38.05371,152.48927,19.01868,8.97800,0.000000663
12,99,7.11458,80.95210,28.76485,114.06617,11.25854,6.03961,0.000000960
16,0,15.44681,129.46820,53.43820,220.82752,21.61595,10.18981,0.000001166
16,1,9.07855,77.49370,25.91314,138.97632,10.61040,6.96074,0.000000392
16,2,9.56982,73.94486,24.94851,129.17895,10.94628,6.75929,0.000001058
16,3,8.86618,77.39149,25.91721,138.92022,10.94676,8.22452,0.000000955
16,4,8.19916,53.59486,19.30596,122.34947,7.76950,5.54540,0.000000149
16,5,10.30070,61.04505,26.52609,148.14655,10.95687,7.16938,0.000000591
16,6,9.75507,66.99840,20.76121,133.68618,8.11917,6.07004,0.000000361
16,7,8.49772,63.09791,26.32305,122.06827,10.59398,6.32386,0.000000719
16,8,7.57900,50.95432,18.01367,104.96390,7.78403,5.04954,0.000000404
16,9,8.30087,70.18220,24.84761,124.38179,10.19654,6.09019,0.000000351
16,10,9.63715,71.95758,24.16337,132.05723,10.11405,6.49627,0.000000340
16,11,12.86131,109.40045,44.39597,212.69762,18.19258,10.38792,0.000001684
16,12,11.93076,101.56965,36.72350,187.35058,14.82840,9.58787,0.000000323
16,13,14.92879,108.02800,35.13534,166.78655,14.46267,8.00216,0.000000480
16,14,10.85101,87.11397,34.08454,145.74888,13.27264,6.84373,0.000000300
16,15,11.00242,83.09448,32.32969,149.18642,14.19845,7.89766,0.000000452
16,16,8.74463,58.13493,20.68162,131.14184,8.72876,6.26297,0.000000466
16,17,9.67363,76.55258,33.33287,136.25072,13.41517,7.65560,0.000000521
16,18,14.16591,117.41271,36.04489,190.24992,14.70550,9.09447,0.000002149
16,19,8.28541,64.62016,23.86297,127.70859,10.13642,6.03661,0.000001313
16,20,8.33746,51.35611,18.23284,110.54048,7.94250,5.49363,0.000000884
16,21,7.89062,48.68297,17.85195,103.48038,7.47188,4.85116,0.000001049
16,22,10.40289,105.19500,31.44912,156.04864,12.38547,7.84996,0.000000692
16,23,10.68350,97.60431,40.87937,165.00663,16.85969,7.98409,0.000001047
16,24,7.89092,65.85562,23.73276,119.06530,10.10705,5.87267,0.000001640
16,25,7.74652,51.07772,19.36734,115.72821,7.51838,5.15466,0.000000446
16,26,10.33435,85.78425,34.32021,159.31309,14.28376,7.65431,0.000001423
16,27,8.01293,61.14116,24.33222,125.19937,10.53408,6.32451,0.000001193
16,28,8.13248,58.67251,18.83167,117.24276,8.08105,5.54910,0.000000596
16,29,8.03955,62.59804,23.43143,113.73475,9.95360,5.56890,0.000000353
16,30,8.82363,65.77339,25.13840,121.81280,10.49939,5.93331,0.000000236
16,31,8.88573,60.28339,18.44728,131.49376,7.63262,6.09802,0.000000352
16,32,9.35753,77.28934,30.24723,127.19320,12.46563,6.30860,0.000000682
16,33,10.78013,118.30060,45.94852,168.53194,19.25628,8.38765,0.000001758
16,34,9.36290,68.11683,24.22979,140.53454,10.11363,6.81959,0.000000276
16,35,10.69440,73.44426,31.31178,143.71288,12.15732,7.00389,0.000000659
16,36,10.15332,82.84685,29.68110,160.04113,12.28588,7.90838,0.000000408
16,37,8.27716,74.15860,28.18839,128.54439,11.91588,6.29339,0.000000420
16,38,8.53640,56.68438,19.17573,113.59995,8.11979,5.69861,0.000000697
16,39,8.52787,53.44409,18.27754,110.76887,7.74004,5.24625,0.000000685
16,40,10.35368,75.48052,28.58536,145.78037,12.83026,7.26955,0.000000775
16,41,9.04309,84.83065,34.21414,123.65750,14.49355,6.57371,0.000001571
16,42,10.68604,93.34452,34.78680,158.32474,14.87734,7.75902,0.000000302
16,43,7.79859,53.16724,18.18212,118.55899,7.80543,5.60043,0.000000454
16,44,10.83814,75.18038,25.06878,139.53942,10.31750,6.47995,0.000000935
16,45,8.75000,62.87885,24.86927,125.51489,10.65858,6.00503,0.000000630
16,46,12.38015,108.25612,45.63593,185.40000,19.18667,9.14238,0.000001230
16,47,9.37222,83.24388,29.80385,148.31392,12.17813,6.97007,0.000000553
16,48,10.99028,100.15830,40.57875,175.50545,17.33301,8.76035,0.000000779
16,49,8.92897,71.61914,24.11859,136.54153,10.36309,6.47991,0.000001500
16,50,8.36283,63.94440,24.05831,113.35772,10.10570,5.61027,0.000001006
16,51,11.71316,98.06517,41.21608,168.45848,16.49896,8.14709,0.000000862
16,52,11.35976,117.24137,40.26341,177.56495,16.88260,8.71310,0.000001901
16,53,8.95188,95.98441,36.98903,140.72474,15.41665,7.23139,0.000000708
16,54,9.20621,83.08247,30.38522,139.35116,12.71647,6.90000,0.000001178
16,55,9.67475,92.36323,35.62096,149.65943,15.91580,7.71480,0.000001126
16,56,10.78451,106.41313,41.64296,168.49303,16.67610,8.29014,0.000000328
16,57,7.25210,48.18589,18.54177,106.04723,7.50220,5.13539,0.000000205
16,58,9.42922,60.49706,19.60466,127.03387,7.98169,6.37741,0.000000258
16,59,8.61767,55.85208,18.78108,117.45910,8.68906,6.61887,0.000000436
16,60,9.67348,57.32949,24.06430,142.85887,10.23616,6.61122,0.000000732
16,61,8.34955,69.22910,24.38652,115.88378,9.69054,5.64427,0.000000711
16,62,8.29708,69.63484,29.79060,126.34191,12.36819,6.26765,0.000000574
16,63,9.52905,68.72406,24.99265,133.52244,10.83145,6.58138,0.000000554
16,64,11.48931,104.70178,35.24491,188.58012,14.38274,8.67490,0.000000685
16,65,6.52285,44.73525,17.75497,92.18259,7.81841,4.72060,0.000000307
16,66,7.76030,55.49288,20.09452,107.78971,7.77241,6.19383,0.000000114
16,67,9.05798,81.90488,30.31061,138.62853,12.42507,6.93684,0.000000617
16,68,7.98824,68.06196,24.57914,124.02626,10.57150,5.94441,0.000000429
16,69,9.77824,69.46425,24.32641,141.71638,10.23577,6.70514,0.000000344
16,70,9.92943,66.87060,25.64763,139.77192,10.30833,6.81591,0.000000574
16,71,8.27540,62.48829,23.94971,110.43199,10.38972,5.63193,0.000001012
16,72,9.24519,54.19432,18.44095,130.91120,8.47126,6.89127,0.000000210
16,73,9.41147,69.67101,24.29412,136.24196,10.13469,6.50105,0.000000208
16,74,8.25750,53.27692,18.94891,116.88129,8.12670,5.36266,0.000000223
16,75,9.86343,76.81678,31.54785,136.24160,12.62823,6.57283,0.000000592
16,76,8.83922,81.93537,29.14195,137.46309,12.80946,6.97900,0.000000502
16,77,8.70243,68.60179,23.34916,133.29398,10.42049,6.51653,0.000000493
16,78,9.61968,82.67870,29.86041,136.76932,12.61370,6.75977,0.000000551
16,79,8.37536,60.20367,23.13507,126.70885,10.13492,6.09844,0.000000339
16,80,11.74743,110.46190,45.79964,166.66404,19.55770,8.36424,0.000001532
16,81,9.85538,70.21540,29.64289,153.22735,12.38561,7.83775,0.000000177
16,82,8.37080,68.65226,25.16551,129.44592,10.20434,6.28942,0.000000395
16,83,9.63276,89.44563,35.68447,143.99500,14.59904,7.28252,0.000000315
16,84,9.78055,77.63382,24.93411,146.91178,10.11515,7.51070,0.000001090
16,85,10.49479,76.69675,28.49247,151.37063,12.77716,7.70192,0.000000847
16,86,11.03283,73.56434,24.87841,147.91537,10.60123,6.96726,0.000000394
16,87,8.11446,56.45610,19.96128,126.34877,8.13108,5.69750,0.000000319
16,88,10.06171,71.15287,25.08690,165.80658,10.12787,7.33596,0.000000376
16,89,6.69893,50.50366,18.34843,98.32349,7.62401,4.79879,0.000000310
16,90,10.37580,96.16469,35.18292,152.51090,14.73497,7.53781,0.000000721
16,91,7.87049,49.87108,18.59966,119.92621,8.41982,6.46920,0.000000459
16,92,10.55110,82.62355,35.55401,160.27088,14.45906,7.75222,0.000000742
16,93,10.85327,82.62185,29.32205,160.09740,12.99306,7.92154,0.000000980
16,94,9.33148,66.16512,24.49101,129.37267,10.31143,6.21533,0.000000475
16,95,9.36335,72.12470,24.65918,134.26378,10.74470,6.35106,0.000000500
16,96,9.23644,66.05042,24.21093,134.04858,10.31829,6.91897,0.000000337
16,97,7.97748,54.67741,18.36360,107.11287,7.95859,5.19891,0.000000378
16,98,11.95798,85.58320,30.17652,167.94435,12.28904,7.83317,0.000001048
16,99,8.24553,79.73615,29.24184,126.59391,12.35626,6.20062,0.000000190
20,0,14.48724,108.60429,42.77774,213.91467,17.07711,10.36295,0.000001551
20,1,12.83658,89.12467,30.58029,170.34218,12.59508,8.13653,0.000000324
20,2,11.97603,71.73145,25.61834,169.59907,10.57384,8.42061,0.000000193
20,3,16.51651,93.73203,26.09274,199.18440,10.57082,10.15511,0.000000714
20,4,13.69594,113.28439,36.82782,202.05954,14.41022,9.35214,0.000001317
20,5,12.12669,80.49481,29.79543,171.84450,12.24025,8.20818,0.000000578
20,6,12.28447,82.65313,29.05566,177.56632,12.44245,8.23215,0.000000534
20,7,10.32864,62.57179,19.74356,143.75882,7.93343,7.01363,0.000000305
20,8,12.76785,80.67584,30.07525,156.56788,12.47702,7.62724,0.000000431
20,9,13.15232,87.36095,29.32141,189.20647,11.90026,9.18848,0.000001030
20,10,11.39050,71.26015,24.32375,154.21888,10.16991,7.15746,0.000000256
20,11,13.00711,80.42032,24.81898,181.28613,10.06366,9.01326,0.000000904
20,12,11.50892,82.62954,29.84510,166.86920,12.76493,8.14725,0.000000760
20,13,10.50102,66.76345,24.62492,143.43425,10.77211,7.56793,0.000000703
20,14,11.25152,84.10436,35.68133,152.39879,14.68365,7.46985,0.000001191
20,15,14.22971,102.06651,39.40648,211.67213,16.52342,10.18885,0.000001068
20,16,15.34801,118.50913,39.77767,213.30371,16.41220,10.16007,0.000000670
20,17,13.97210,93.27014,30.81921,205.24804,12.35291,9.46984,0.000000633
20,18,12.57421,85.81164,30.72438,177.81802,12.41247,8.63387,0.000000711
20,19,10.71798,67.03442,24.90763,139.79496,10.76704,6.80217,0.000000381
20,20,13.69269,93.58355,30.14218,191.89311,11.94727,8.96242,0.000000316
20,21,12.94887,90.49254,24.95878,179.17029,10.06866,8.19898,0.000000268
20,22,15.30880,116.81340,39.50570,210.53779,16.65821,10.74253,0.000000405
20,23,9.92227,59.77023,19.09136,136.83801,8.14719,6.33356,0.000000255
20,24,13.96506,87.84304,29.85655,192.48161,12.58676,9.05571,0.000000568
20,25,14.79209,92.03079,29.63549,196.13481,12.32960,9.12514,0.000000697
20,26,10.97313,61.11488,18.78571,152.04543,8.37752,7.01149,0.000000696
20,27,12.97807,78.41308,24.05633,166.45372,10.17515,8.27152,0.000001772
20,28,13.69750,86.36949,29.48413,194.44522,11.90688,9.39563,0.000000497
20,29,15.17578,89.63639,29.89715,225.76812,13.42591,9.80502,0.000000288
20,30,14.35784,90.53123,30.72396,207.80537,12.30050,9.77437,0.000000413
20,31,14.95537,90.45932,29.18765,180.92256,12.32234,8.72418,0.000000387
20,32,12.86742,95.97462,34.43384,185.99275,14.16961,9.20055,0.000000431
20,33,12.13576,79.20182,30.29364,178.02410,12.09550,8.35745,0.000000803
20,34,11.95592,79.53697,29.99211,168.39962,12.10913,7.94640,0.000000472
20,35,12.04944,93.70540,29.55868,172.18047,11.93630,8.08335,0.000001270
20,36,12.34297,82.18341,23.66264,168.29524,11.02707,8.58720,0.000000476
20,37,11.25599,61.44556,18.73271,148.80954,8.17452,7.20357,0.000000386
20,38,13.32755,93.17792,34.88077,189.85678,14.56778,9.25978,0.000001631
20,39,13.69790,92.38189,29.18416,172.34109,12.16211,8.47277,0.000001222
20,40,13.47961,74.03686,23.80377,182.28974,10.41306,8.67828,0.000001280
20,41,12.95671,75.23965,24.35812,180.87289,10.46608,8.57039,0.000000394
20,42,11.40816,50.23625,20.31106,140.74237,8.26438,6.82606,0.000000190
20,43,13.44953,85.03032,29.86595,174.08510,12.74268,8.58085,0.000000473
20,44,11.36026,65.47534,25.18825,148.59754,11.23355,7.37771,0.000000764
20,45,12.66958,66.72899,25.74915,171.50385,10.40464,8.33059,0.000001036
20,46,11.18045,90.84583,34.95231,162.87055,13.88056,7.80222,0.000000735
20,47,12.54404,72.15758,25.55837,163.97172,11.26802,8.77946,0.000000166
20,48,11.44868,62.12014,18.59495,154.72815,8.03774,7.55366,0.000000237
20,49,12.34012,74.26920,31.02596,143.07404,12.66971,7.06977,0.000000455
20,50,14.50237,93.87990,28.78624,199.05097,12.53180,9.22592,0.000000611
20,51,11.82213,84.86975,30.83270,167.00251,12.37942,8.15464,0.000000496
20,52,10.61309,65.77362,23.85607,143.77445,9.88902,6.96437,0.000001647
20,53,13.11543,81.89444,23.63578,183.63965,10.26859,8.34426,0.000000776
20,54,11.73940,81.42162,25.42589,163.19199,10.13760,7.68443,0.000000191
20,55,14.10796,98.11918,29.51771,194.58930,12.09039,8.84295,0.000000695
20,56,12.77202,85.73335,29.01731,181.96630,12.66641,9.27111,0.000000429
20,57,13.35244,66.25865,24.04869,177.78222,9.70335,8.27546,0.000000509
20,58,12.48320,68.67432,24.69446,142.99935,10.14797,6.72311,0.000000436
20,59,14.63839,97.09439,35.33761,188.43708,14.49611,8.81588,0.000000906
20,60,12.63947,87.23870,29.28352,184.00887,12.88016,9.14745,0.000000948
20,61,14.56474,70.21007,25.47664,180.48161,10.32319,8.33327,0.000000495
20,62,13.58359,83.98702,31.22775,202.06457,12.95295,9.25554,0.000000293
20,63,13.99247,93.56043,31.55104,184.38262,12.58926,8.80479,0.000000379
20,64,13.26442,71.28337,26.89990,206.27254,10.76943,8.59566,0.000000932
20,65,16.11634,81.96621,27.10133,207.46144,11.07154,10.01043,0.000000109
20,66,17.95537,102.92167,35.80997,228.05176,14.99181,11.47146,0.000000842
20,67,11.67238,70.62421,25.53534,166.12109,10.46871,8.08122,0.000000588
20,68,16.04093,116.06311,36.26733,217.64535,14.71129,10.77943,0.000000485
20,69,11.86633,75.99845,24.66134,162.17252,9.98571,7.88681,0.000001417
20,70,13.33098,92.84791,29.33125,184.30010,12.82602,8.96496,0.000000383
20,71,15.11052,88.39024,31.49659,207.30653,12.81122,9.51964,0.000000727
20,72,11.58315,75.52648,25.95008,160.90992,10.98744,7.60866,0.000001014
20,73,14.01107,84.82616,31.20319,203.57120,12.93874,9.52073,0.000001041
20,74,15.04070,105.64766,41.42696,210.66119,16.97502,10.32388,0.000000720
20,75,12.74251,82.34577,28.99218,181.18539,12.40978,8.54119,0.000000768
20,76,12.68726,78.83815,24.65651,159.02891,10.06664,7.43952,0.000001192
20,77,15.89881,82.80167,27.71564,151.93510,10.98516,7.43379,0.000000492
20,78,12.39808,65.28153,19.73361,161.02754,8.88159,7.41928,0.000000253
20,79,11.70064,70.86667,25.48112,162.27881,10.36380,7.43140,0.000000481
20,80,12.70770,92.76635,32.29715,182.71855,13.44133,9.03641,0.000000774
20,81,12.44292,90.33712,30.63034,178.51075,12.72488,8.35989,0.000001998
20,82,16.18001,86.28866,31.18353,216.45342,12.71264,10.45709,0.000000373
20,83,14.04525,79.33283,31.65296,188.55908,13.41238,9.57663,0.000000973
20,84,12.51788,82.11800,30.62380,172.07720,12.38106,8.24519,0.000000270
20,85,15.31670,128.42756,47.35409,228.85847,19.89075,11.05449,0.000000665
20,86,13.82871,90.10654,29.87499,211.07387,12.93975,10.17897,0.000001933
20,87,12.60655,78.35363,26.74425,172.18109,10.26447,8.25648,0.000000365
20,88,14.24215,87.63799,29.75735,197.82819,13.56074,9.53034,0.000000606
20,89,12.02550,93.95008,31.44681,173.67206,13.45303,8.69218,0.000000692
20,90,13.63762,79.51705,25.34597,175.60890,10.49702,8.20759,0.000000470
20,91,12.02805,71.37608,25.72810,154.43271,10.67321,7.60225,0.000000862
20,92,12.39903,85.66004,25.37463,172.45075,10.51659,8.62536,0.000000599
20,93,13.98024,103.66661,31.21820,189.94234,10.52500,8.68757,0.000000580
20,94,17.03160,105.96764,35.81094,237.02592,15.12528,11.41226,0.000000568
20,95,12.49002,103.71945,36.80769,177.50343,14.90888,8.97874,0.000000532
20,96,11.70860,69.23677,24.67713,162.31316,10.00121,8.40339,0.000000516
20,97,15.14212,92.44401,29.84692,218.60494,12.08344,10.29557,0.000000520
20,98,13.06052,86.78322,29.70072,186.68480,13.34938,9.42152,0.000000993
20,99,15.38712,96.31551,31.14082,218.87156,12.43893,9.95911,0.000000608
24,0,15.24981,75.71287,25.89416,191.92242,9.92702,8.83042,0.000000645
24,1,16.49938,125.11877,46.40723,222.86524,19.04584,10.94641,0.000001425
24,2,16.52201,86.10288,25.09451,213.01069,10.57915,10.49424,0.000000685
24,3,17.72784,125.36724,38.08866,240.36131,16.94043,11.12182,0.000000701
24,4,25.69390,133.16240,39.30886,269.86939,15.04024,11.94203,0.000001102
24,5,17.20757,85.21941,31.36389,223.99364,12.09980,10.20591,0.000000636
24,6,17.00898,111.03363,28.88041,220.98976,13.32956,13.05259,0.000000232
24,7,17.52558,125.82863,48.79103,240.57542,19.36616,11.82197,0.000000826
24,8,17.94347,126.40098,46.50599,247.48142,18.29074,11.53736,0.000001646
24,9,18.40075,101.28393,29.67731,232.46168,12.95542,10.88432,0.000000315
24,10,18.86808,103.48891,30.78574,236.20553,12.37439,11.39029,0.000000378
24,11,19.60056,111.50194,39.65025,259.95068,15.71702,12.55141,0.000000663
24,12,19.51275,137.89975,32.21292,253.50168,12.78769,11.50876,0.000001786
24,13,16.73477,99.47295,41.89030,227.87139,17.34131,11.55530,0.000000649
24,14,18.07661,110.62059,34.35400,223.54432,14.59017,10.82327,0.000000996
24,15,18.94728,86.54928,29.04404,233.85864,12.43149,11.66033,0.000000513
24,16,15.93605,80.17910,23.87390,204.45717,9.90259,9.84398,0.000001107
24,17,16.64957,70.27596,25.39793,185.07623,10.26485,9.00967,0.000000848
24,18,16.66439,116.79799,40.32960,217.60383,16.30396,10.85314,0.000000932
24,19,17.79474,105.71129,35.32956,236.87023,14.67374,11.86210,0.000001171
24,20,17.99988,118.84737,34.13986,230.21395,15.11234,11.96863,0.000000378
24,21,16.43976,74.78461,29.39873,212.41885,12.38370,10.10223,0.000000787
24,22,12.95369,54.00380,19.05262,164.15561,8.18100,7.51264,0.000000598
24,23,16.76662,119.45277,35.43124,224.83259,14.59800,10.66241,0.000000576
24,24,20.25876,133.89301,44.79540,269.98118,18.88802,13.11911,0.000001038
24,25,14.26892,64.34163,18.09562,174.56106,7.49521,8.50612,0.000000457
24,26,20.89599,126.33243,45.23090,244.26557,18.42945,12.32139,0.000002049
24,27,16.22814,72.96962,25.29768,205.01322,10.13262,10.44210,0.000000301
24,28,19.77877,124.62270,47.63115,241.06025,19.33604,11.56908,0.000001292
24,29,18.90473,87.12045,29.08630,251.34073,12.74393,12.12730,0.000000638
24,30,19.42761,105.73343,34.48511,235.32333,14.25719,12.02192,0.000001062
24,31,18.21777,94.43014,28.89745,218.07993,12.55221,10.83415,0.000000538
24,32,17.57060,124.86446,41.82456,228.04298,16.61221,11.02785,0.000002517
24,33,15.31384,78.48277,23.49851,199.64885,10.16843,9.41859,0.000000543
24,34,16.25465,110.24463,34.53025,227.70447,14.20156,10.55147,0.000001204
24,35,15.47679,82.19371,23.44819,196.55833,10.42128,9.62291,0.000000678
24,36,20.67740,95.33149,30.26065,215.90347,12.29567,10.44029,0.000001099
24,37,17.19447,100.50405,35.59707,205.99085,14.63435,10.54161,0.000000457
24,38,17.11514,114.93461,35.22288,217.50690,14.19360,10.87089,0.000001125
24,39,16.25299,93.14196,24.10610,205.31446,10.54199,9.58365,0.000001018
24,40,16.52378,79.87021,26.54291,216.99009,9.88401,10.21843,0.000000480
24,41,16.29184,111.99565,39.67853,218.31006,17.24237,10.35033,0.000000450
24,42,16.05155,89.93007,31.74253,201.93769,13.39680,10.67393,0.000000446
24,43,19.73975,125.13205,40.31331,244.09194,16.58054,11.44551,0.000000473
24,44,15.91766,80.88913,23.97862,203.67015,10.33931,10.67410,0.000000278
24,45,18.78384,141.06010,55.77445,246.51641,23.23551,12.26553,0.000000848
24,46,19.20512,107.57102,40.32388,250.02178,16.83987,12.40678,0.000000615
24,47,18.67592,98.72312,29.47851,229.91628,12.46624,12.02444,0.000001013
24,48,15.05308,75.48318,23.97697,190.72262,9.79427,8.88132,0.000000334
24,49,18.89632,86.20001,29.65121,212.68629,12.10419,10.26504,0.000000615
24,50,17.16246,92.86739,29.64175,213.29315,12.33980,10.94687,0.000000644
24,51,16.48113,93.42225,29.27073,213.77781,12.32860,9.83888,0.000000237
24,52,17.84162,121.79616,40.68487,225.13564,16.71336,11.04093,0.000001044
24,53,17.67395,85.61441,24.00595,224.31294,10.23105,11.47155,0.000001050
24,54,15.28530,86.72508,29.56378,197.71246,12.11357,9.51644,0.000000563
24,55,17.11660,142.41824,51.66423,227.90761,21.14906,11.53862,0.000001257
24,56,19.61764,138.97424,44.85157,265.10880,19.20728,13.93510,0.000001137
24,57,25.84648,124.53070,40.42817,257.05339,16.81603,12.80056,0.000000795
24,58,14.92970,94.51810,35.14498,198.80284,14.71682,9.88375,0.000001445
24,59,13.79087,75.14582,25.47123,178.50272,10.18142,8.58744,0.000001865
24,60,14.10463,74.68679,24.05738,184.69422,10.42997,8.69255,0.000000157
24,61,19.63683,146.03789,56.84163,260.19214,22.87090,13.22578,0.000003228
24,62,19.80657,94.90264,35.13248,243.89136,14.19877,12.21650,0.000000373
24,63,15.10168,73.76235,23.71460,186.55426,10.51067,9.86693,0.000001643
24,64,14.75199,86.07587,29.03877,185.12154,12.29972,8.98408,0.000000498
24,65,18.25788,125.25928,40.92718,229.93555,16.92203,12.36235,0.000000701
24,66,15.68799,110.75731,40.72310,214.65867,16.93415,10.52256,0.000000429
24,67,17.75732,121.21796,39.51912,233.77274,16.31359,11.75350,0.000001356
24,68,15.60422,98.89658,29.83424,203.23894,12.04373,10.11386,0.000000531
24,69,13.71010,73.45382,24.25282,171.00069,10.42634,8.09606,0.000000612
24,70,15.52821,79.80650,24.27603,199.30387,10.16248,10.20111,0.000000358
24,71,16.19910,88.05728,29.96615,215.43217,12.43669,9.98544,0.000001196
24,72,21.07673,105.32926,34.86050,264.85313,13.95129,12.15087,0.000001145
24,73,17.38127,100.84772,29.22774,234.35407,12.71789,10.98204,0.000000454
24,74,14.74880,79.64654,24.20231,184.25760,10.22433,8.52375,0.000000751
24,75,18.18127,102.27743,29.91864,221.10316,11.94219,10.02117,0.000000514
24,76,18.38836,108.86829,29.38821,244.27482,12.34359,10.70158,0.000000317
24,77,14.40348,92.54134,29.19825,186.39991,12.14241,9.79897,0.000000691
24,78,16.25344,100.20607,35.68802,222.93606,14.29991,10.23380,0.000001311
24,79,17.85022,143.65619,57.75934,252.25274,23.30419,12.13979,0.000001637
24,80,17.92899,84.07500,30.52615,234.67695,12.36820,11.95168,0.000000552
24,81,18.28410,89.61910,29.91077,229.77398,12.71959,12.08706,0.000000436
24,82,18.15605,112.32810,40.87692,237.80808,16.54365,11.95078,0.000001360
24,83,16.79672,71.88483,24.16749,219.16900,10.16492,10.26712,0.000000743
24,84,15.03154,76.52078,23.94690,187.96420,10.02752,9.37358,0.000000622
24,85,16.92971,101.62804,35.28920,230.99614,14.49979,11.39844,0.000000449
24,86,16.54067,105.07841,34.10664,227.48301,14.69901,10.64639,0.000000638
24,87,16.87965,80.04135,25.46139,208.85076,9.73991,10.08996,0.000001093
24,88,15.70254,82.10546,23.73679,202.75201,10.24822,9.84938,0.000001693
24,89,20.80144,142.04778,51.61351,262.60515,21.97526,12.83276,0.000001382
24,90,16.82247,106.34267,37.39468,220.31064,14.20965,10.82667,0.000000261
24,91,16.40649,86.32363,24.19034,200.66860,10.09275,10.20169,0.000000583
24,92,18.54300,96.51806,38.00940,240.68242,14.25430,11.64395,0.000001157
24,93,15.58097,86.98272,30.29840,199.57223,12.50927,9.25999,0.000000586
24,94,15.04138,86.06865,29.60203,196.63782,12.60098,9.45401,0.000000846
24,95,17.79898,92.83486,29.76883,215.28905,12.73359,10.24246,0.000000317
24,96,18.04297,106.79993,31.44942,220.19216,12.92740,10.67294,0.000000676
24,97,16.13908,99.39861,35.52402,207.34167,14.98993,10.14570,0.000000960
24,98,17.86975,94.14725,29.50391,224.53287,12.39851,11.68715,0.000000592
24,99,17.70497,106.40463,30.60526,235.90447,13.10007,11.65738,0.000001118
28,0,18.17640,76.53624,25.04956,224.53850,9.97885,9.95607,0.000000256
28,1,21.61319,112.32920,35.32821,264.54722,14.07009,12.18142,0.000000662
28,2,21.29934,98.68300,24.09178,248.47773,9.73626,10.73459,0.000000469
28,3,21.63798,104.00739,34.35796,258.08776,14.02955,12.69982,0.000000704
28,4,22.44243,124.48363,35.83036,282.10321,15.02552,14.39300,0.000000450
28,5,19.12095,92.68934,23.66612,231.29435,9.94046,10.83034,0.000002591
28,6,22.40013,122.52143,35.70681,285.39628,14.14149,12.70336,0.000001297
28,7,20.46890,135.13239,44.79740,248.09386,18.79832,11.78395,0.000001375
28,8,19.42298,93.44391,25.10190,239.09532,9.87880,10.85537,0.000000634
28,9,22.51641,108.09311,35.30984,279.63699,14.24558,12.60899,0.000000869
28,10,18.54253,90.51942,32.67954,237.09838,12.60930,10.60071,0.000000690
28,11,21.84679,119.25692,40.68818,272.48132,16.28662,13.36355,0.000001023
28,12,21.27425,85.51507,24.89315,258.06361,10.12337,12.39017,0.000000376
28,13,18.94749,97.44955,29.08733,239.27022,12.87593,10.87916,0.000000212
28,14,23.32008,127.47364,36.19064,275.00472,14.12997,13.02779,0.000000369
28,15,22.09581,92.50933,29.54347,251.74906,12.31588,12.27207,0.000000619
28,16,18.83375,77.37004,24.40071,225.54171,9.73716,10.37400,0.000000968
28,17,21.88370,113.78177,34.97276,279.37397,14.44392,13.41181,0.000001226
28,18,21.77307,132.23661,34.94395,283.94293,14.15112,12.90509,0.000000474
28,19,19.37776,85.37284,30.40745,222.92944,12.79392,11.42380,0.000000259
28,20,19.93047,95.80682,35.40263,249.50380,13.90395,11.63919,0.000000712
28,21,18.78347,79.90003,25.12210,227.28749,10.32407,10.96340,0.000000479
28,22,19.61382,77.56503,23.50985,238.62540,10.21617,11.11413,0.000000760
28,23,19.72204,92.22942,30.39072,241.48408,11.87283,11.28412,0.000000665
28,24,21.62256,125.03570,47.07576,271.84157,18.60916,12.98133,0.000001108
28,25,21.99310,112.61000,34.46702,262.42576,14.56812,13.11378,0.000000867
28,26,23.40985,136.17096,45.42994,306.49308,18.32290,14.46393,0.000001363
28,27,20.57545,92.66339,30.15391,252.47404,12.48453,11.89177,0.000000764
28,28,19.31513,81.82555,23.67173,226.68865,9.61728,10.81769,0.000000768
28,29,20.95162,117.11014,34.47924,257.57695,14.32241,12.32553,0.000000525
28,30,21.68973,122.77110,35.70616,275.97384,15.06234,13.41454,0.000000823
28,31,21.00887,108.49595,28.79711,249.03823,12.14053,11.53071,0.000001539
28,32,21.96843,153.98400,59.34170,283.82305,25.24200,13.43850,0.000001738
28,33,22.36244,88.53304,23.41726,273.17604,9.98173,12.78969,0.000000726
28,34,22.39328,120.01733,34.72366,266.64457,14.37907,12.33271,0.000001411
28,35,19.72779,97.94281,29.96798,243.08325,11.98527,11.11719,0.000000564
28,36,21.29641,109.99719,34.88487,258.61404,13.97941,12.08854,0.000001355
28,37,21.33246,107.22740,33.97478,263.61643,14.18116,12.56983,0.000000844
28,38,24.75710,134.31256,45.53564,314.58724,18.58651,14.99290,0.000001318
28,39,20.70217,122.39972,39.84535,273.09272,16.50074,12.72746,0.000000787
28,40,23.81933,137.54062,46.02644,285.16122,18.23802,13.66720,0.000000982
28,41,20.25653,98.20207,29.93779,238.71789,12.16381,11.69235,0.000000793
28,42,27.11726,133.22244,36.10122,303.67732,14.25108,14.12587,0.000000941
28,43,20.08318,89.80449,29.75470,232.16159,12.39462,10.84446,0.000000317
28,44,20.44183,113.26717,37.98448,264.26506,14.12992,12.67490,0.000001079
28,45,22.93512,111.88435,35.27180,278.29296,14.07567,12.68446,0.000000733
28,46,24.23770,117.41539,37.70389,307.65875,14.41139,13.52142,0.000000699
28,47,20.61504,104.96561,30.58779,263.38043,11.99316,11.83528,0.000001549
28,48,17.75674,84.22590,30.09534,215.60024,11.90985,9.88942,0.000000443
28,49,22.44397,111.82354,34.65138,288.03614,14.35562,13.49897,0.000001566
28,50,18.37111,92.02960,29.64233,222.03332,13.14483,11.02677,0.000000872
28,51,23.00650,114.31053,35.55487,272.52432,14.23302,12.46726,0.000001933
28,52,22.14752,105.82293,30.66163,279.68294,12.09620,12.71974,0.000000622
28,53,17.75911,68.63408,19.14832,205.16860,8.01362,9.75213,0.000000137
28,54,21.16247,102.81045,34.34334,256.77052,14.14403,11.80070,0.000001292
28,55,22.63371,108.39874,30.46704,249.49066,12.32194,11.98834,0.000000735
28,56,20.76438,93.21725,33.82277,255.76759,13.99671,11.84324,0.000000531
28,57,20.18380,96.83956,34.54444,259.86568,14.22172,11.93610,0.000001206
28,58,19.97057,101.23023,29.52973,241.58686,12.38165,11.99572,0.000000586
28,59,22.42754,134.75201,40.52008,291.62112,17.44331,14.20621,0.000002577
28,60,21.23802,112.12915,39.58978,268.58288,16.18877,12.49279,0.000000453
28,61,18.92977,83.99020,30.21287,230.11156,12.00655,10.44354,0.000000426
28,62,21.09760,98.40235,29.59973,259.59140,12.32623,12.41080,0.000000305
28,63,17.31274,79.17575,24.70974,202.36110,9.98795,10.05624,0.000001030
28,64,24.34706,104.43905,30.86229,294.40699,12.43310,13.05559,0.000001345
28,65,23.29064,108.05896,30.53357,283.34043,12.13143,12.90355,0.000001389
28,66,21.57401,88.17984,24.88601,250.02875,9.74584,11.11262,0.000000363
28,67,20.20482,80.80319,24.08834,235.24165,9.64712,10.78582,0.000000472
28,68,23.16242,112.43498,29.76009,277.28875,12.73232,14.08552,0.000001298
28,69,22.13747,112.21497,39.94071,270.11126,16.40973,13.26424,0.000001461
28,70,22.13469,97.09384,31.20217,243.74347,12.43710,11.59944,0.000000508
28,71,19.15207,95.00162,28.78224,232.55584,12.21998,11.44955,0.000000694
28,72,16.69829,90.83185,33.36295,203.18543,12.61494,9.65932,0.000000424
28,73,19.17212,122.06438,45.22818,238.56525,19.42649,11.71982,0.000000586
28,74,19.27460,102.49832,35.22981,240.54750,14.41471,11.08217,0.000001038
28,75,21.79148,108.77114,35.94922,252.14198,14.02103,11.62268,0.000000734
28,76,23.69576,99.38205,35.81503,305.22142,14.21237,13.38524,0.000000774
28,77,20.68851,90.77095,30.16292,250.84525,12.18575,11.24582,0.000000881
28,78,17.53382,105.51627,39.92490,214.81964,17.84392,10.71629,0.000001857
28,79,20.41519,99.56731,30.91554,255.57113,11.90964,11.48780,0.000000626
28,80,20.19696,82.86023,24.18851,243.43713,9.98037,11.15633,0.000000553
28,81,19.14031,82.21069,24.31233,236.37766,9.79960,10.83691,0.000000856
28,82,25.10765,157.07833,51.21315,317.09561,20.80795,14.69705,0.000001596
28,83,21.80290,112.83696,42.01205,267.65456,16.71376,12.87747,0.000001172
28,84,21.51013,85.54615,29.98615,245.81860,12.35440,11.70743,0.000000442
28,85,19.09040,89.29697,25.04121,230.22275,10.41103,10.73175,0.000000331
28,86,19.95941,90.57619,29.96722,242.28456,12.16874,11.31160,0.000000566
28,87,21.14593,96.79991,29.82256,269.43654,13.98801,13.18641,0.000001339
28,88,20.95530,120.58218,39.72454,255.98805,16.64137,11.53263,0.000000612
28,89,18.04713,90.69386,30.62495,220.18358,12.24987,10.40146,0.000001012
28,90,18.71504,109.87568,36.06333,232.51611,14.29672,10.84601,0.000000736
28,91,18.48756,97.23345,34.38296,228.50861,14.37401,11.16404,0.000001263
28,92,22.91062,123.95555,30.09739,278.02378,12.15661,12.55353,0.000000464
28,93,19.08869,100.61361,34.99561,234.90111,14.64869,11.17617,0.000000803
28,94,22.05328,147.34029,56.09219,275.84369,22.93525,13.01057,0.000001371
28,95,22.75167,98.64402,30.60312,276.44387,12.55392,13.04957,0.000000370
28,96,21.55212,94.51023,29.39619,260.20350,11.87130,11.68915,0.000000435
28,97,21.51468,98.29823,33.80532,254.55866,14.08527,11.71544,0.000000214
28,98,24.75559,97.37614,37.86054,301.35638,14.35928,14.44901,0.000001403
28,99,23.20131,111.00278,30.35242,306.42954,12.78156,13.93819,0.000000752
32,0,25.57819,109.79031,29.80788,293.60536,11.84329,13.59768,0.000000813
32,1,26.43481,111.87087,33.96543,267.34925,14.17294,13.16173,0.000000691
32,2,23.60269,110.37978,34.79178,310.45710,15.05766,14.17581,0.000000921
32,3,22.01426,86.29647,24.25853,241.37001,10.69427,11.55148,0.000001047
32,4,24.82579,126.69807,34.63992,288.43925,14.53040,13.62859,0.000000720
32,5,29.68885,118.27732,35.90052,339.34186,14.28762,15.30429,0.000001034
32,6,28.36742,125.98143,36.06045,289.99239,15.64669,15.82554,0.000000811
32,7,26.56093,149.07055,50.24178,319.87032,21.45467,15.89993,0.000000806
32,8,26.33180,144.45568,49.76160,322.92336,21.18288,15.61863,0.000001536
32,9,27.93025,95.02300,23.99148,284.38269,9.78502,13.21374,0.000000420
32,10,27.20978,108.97115,29.72173,288.58744,12.20806,13.25812,0.000001448
32,11,24.75279,139.48312,49.76397,261.56956,20.77737,12.84685,0.000001347
32,12,26.36739,100.12117,28.95925,296.89017,11.96125,13.56734,0.000000517
32,13,22.86714,91.72748,28.84674,256.01585,11.81324,12.27044,0.000000768
32,14,25.34972,101.68759,35.06871,282.06050,13.88327,13.19466,0.000000475
32,15,28.50437,119.55707,38.35782,325.23861,14.33254,15.18152,0.000000501
32,16,23.08184,83.14389,23.34522,262.03229,9.74291,12.02981,0.000001038
32,17,26.18096,102.77414,35.20888,309.57374,14.18056,14.37173,0.000000697
32,18,31.43405,103.89744,30.01427,324.35345,12.47500,15.61608,0.000001202
32,19,26.90467,114.12731,40.88299,317.67350,16.60408,14.72451,0.000000641
32,20,29.51827,131.19950,34.96106,315.54015,14.30183,14.84943,0.000000661
32,21,28.98747,166.31273,60.74067,334.79228,26.16490,17.37244,0.000001585
32,22,25.10302,123.11289,39.91916,274.87905,16.15610,13.29062,0.000001116
32,23,26.44219,84.65287,23.56742,271.06543,10.46539,14.04922,0.000000898
32,24,29.90068,149.32876,44.55092,345.12188,18.71159,16.53056,0.000001939
32,25,26.67557,137.21473,41.16536,299.62502,16.31348,13.79029,0.000000629
32,26,26.65590,105.71870,39.96561,273.93005,16.46071,12.82312,0.000001406
32,27,25.26583,116.30692,39.16464,289.05882,16.42939,13.73409,0.000001334
32,28,25.94161,96.72437,28.51735,287.58054,12.41209,14.25626,0.000000642
32,29,29.74822,121.35826,33.72996,325.74654,14.64299,16.24116,0.000000509
32,30,27.32803,87.51458,23.86062,278.00851,9.77782,13.30846,0.000000929
32,31,22.96041,113.02568,29.14122,264.16492,11.96004,12.63744,0.000001491
32,32,22.81768,82.84429,24.17959,251.73206,9.81953,11.65530,0.000001280
32,33,29.92039,170.05336,40.06408,355.73561,16.40741,17.19335,0.000001538
32,34,23.31745,97.39400,23.28953,250.95806,9.73801,11.60672,0.000000685
32,35,27.55952,116.42620,35.25143,333.23826,14.30199,15.46086,0.000001009
32,36,22.39492,88.79599,24.59836,241.84772,9.90026,11.99011,0.000000689
32,37,24.92878,79.88492,18.34019,252.25199,7.89085,12.15293,0.000000691
32,38,27.69646,128.91334,34.73557,309.12308,14.99133,15.39582,0.000001327
32,39,26.35850,97.24111,23.07570,279.39291,10.14169,13.26160,0.000000824
32,40,29.44915,165.42017,60.85446,361.75008,25.29653,19.03485,0.000000789
32,41,30.64319,165.68043,50.09215,349.69946,20.80460,16.72704,0.000001603
32,42,25.06861,129.93947,44.53510,302.14228,19.09968,15.41299,0.000001174
32,43,26.72090,121.95851,34.26665,307.70417,14.36299,14.32359,0.000000544
32,44,29.62040,109.62686,35.07197,315.50889,14.30517,14.60469,0.000000431
32,45,26.10322,91.76156,29.29863,281.94171,12.19012,13.32000,0.000000322
32,46,24.88533,122.27218,39.37661,290.94091,16.62526,14.78040,0.000000747
32,47,27.25321,118.79487,35.41327,322.23264,14.23178,14.91872,0.000001286
32,48,21.61896,88.85171,24.47298,231.26202,9.68794,11.08460,0.000000456
32,49,25.63550,77.61268,23.75529,285.56751,9.72603,12.82655,0.000001250
32,50,26.56075,112.37049,35.71032,293.01536,14.65047,13.73753,0.000000475
32,51,25.42601,118.08490,29.19872,286.07708,11.77500,12.96567,0.000000673
32,52,23.18563,91.63265,23.34559,241.95962,9.70271,11.50153,0.000000646
32,53,21.49492,82.71605,25.59425,238.33534,10.32053,11.18198,0.000000381
32,54,24.20998,122.80259,34.17276,277.82015,14.41534,13.43128,0.000001187
32,55,24.02259,104.93892,23.48166,256.45712,9.62174,12.34527,0.000000373
32,56,27.63849,163.12603,56.27764,354.46470,24.18114,16.82039,0.000001422
32,57,28.19342,111.10272,28.37655,311.04974,11.95291,14.18004,0.000001428
32,58,26.66330,123.12945,39.24455,266.42984,16.35122,13.72511,0.000000814
32,59,26.93746,106.52850,29.19415,299.41286,11.88198,13.97000,0.000000520
32,60,27.37860,116.15071,41.48714,312.18717,19.86025,18.19802,0.000001511
32,61,27.86274,111.55665,28.67923,306.19415,11.82991,13.95127,0.000000262
32,62,27.91549,155.00812,50.89866,345.71475,21.60772,17.24272,0.000001444
32,63,26.18461,95.56580,29.70944,289.95238,12.64291,13.95378,0.000001464
32,64,26.29680,94.99579,30.18912,299.55474,12.16322,13.43355,0.000000705
32,65,30.80313,100.01818,36.82802,346.37622,14.39676,15.30393,0.000000496
32,66,33.50636,119.17850,37.09839,337.82263,14.58209,14.80994,0.000002060
32,67,30.36002,130.89783,39.25715,357.82347,16.60534,16.56291,0.000000898
32,68,23.07009,119.66111,35.03653,261.89454,13.89139,12.27241,0.000000484
32,69,23.90413,102.83374,29.28951,271.96222,12.73957,13.70107,0.000000285
32,70,28.47427,117.15183,28.71906,325.12891,11.88321,14.83508,0.000000538
32,71,24.76265,119.05269,30.91063,274.08944,12.04721,12.88779,0.000000362
32,72,24.36151,113.97018,40.32374,272.02949,16.16168,12.81375,0.000000934
32,73,30.00503,135.21483,39.45050,345.29445,16.49915,16.13007,0.000001317
32,74,23.99079,85.70064,28.72282,255.10456,12.22472,11.96168,0.000000474
32,75,23.89448,102.52606,30.82903,266.67080,12.89026,13.14168,0.000000557
32,76,31.16628,135.25776,44.98767,370.01451,18.99543,17.69310,0.000001148
32,77,28.61405,138.80940,45.82037,340.44565,18.27543,15.76596,0.000000961
32,78,26.46793,127.45148,40.04313,309.47047,16.48116,15.30588,0.000001722
32,79,28.66087,119.84449,33.54440,315.93291,14.38497,15.34596,0.000000884
32,80,27.60012,135.16828,34.34819,306.78806,14.16416,14.32986,0.000001897
32,81,22.96003,103.50669,34.28254,254.32377,14.17361,12.15883,0.000001019
32,82,27.65011,90.92472,23.60157,304.30240,10.02690,14.33200,0.000001118
32,83,25.41106,96.63030,29.11989,276.20655,12.03625,12.76457,0.000000566
32,84,25.90800,117.57213,34.68642,291.87721,14.46059,14.38379,0.000001052
32,85,24.71433,130.47145,40.03421,284.79328,16.42281,14.60701,0.000000998
32,86,29.46980,114.79882,35.12701,338.16172,14.12456,15.70525,0.000001770
32,87,26.71647,107.95506,29.81839,297.49176,12.37692,15.48574,0.000000955
32,88,30.11317,136.24540,38.39428,342.41688,13.98386,15.84053,0.000000621
32,89,25.85271,146.98690,52.32253,301.87995,21.30729,14.39447,0.000000835
32,90,29.47099,142.24793,50.75308,329.12403,21.44438,15.59975,0.000001209
32,91,28.82731,118.00206,34.08892,329.55860,14.38020,16.10817,0.000001178
32,92,22.61738,92.57156,24.30790,241.43412,10.14079,11.82376,0.000000484
32,93,27.77951,145.21743,45.56245,322.48892,19.23162,16.10612,0.000001336
32,94,21.33673,79.49676,29.56116,231.30084,12.04323,11.06647,0.000000561
32,95,25.19225,115.67046,28.86872,280.67418,11.76483,12.77188,0.000000670
32,96,29.65108,104.24782,34.66082,328.64840,13.98446,16.42644,0.000000370
32,97,28.70979,108.51012,34.58579,322.96138,14.54524,15.25511,0.000000675
32,98,26.51607,109.28504,35.41683,326.02666,14.60834,14.61973,0.000000755
32,99,24.82274,98.43396,24.02411,275.80758,9.76248,12.75892,0.000000527
36,0,39.97954,177.45267,57.18730,395.61261,23.93117,20.80164,0.000001892
36,1,36.15796,157.21061,50.69551,396.55453,21.47750,18.74113,0.000001217
36,2,35.47114,154.11899,44.35737,380.12770,18.59068,19.73193,0.000002237
36,3,38.62290,129.31427,40.05342,338.92345,17.36355,17.61681,0.000001843
36,4,31.27051,111.61919,30.59092,333.77959,12.15414,15.42554,0.000000581
36,5,29.53659,103.84985,29.57116,294.88726,11.96883,15.01387,0.000000582
36,6,38.74001,121.85358,29.91585,343.63549,12.38691,18.12574,0.000000404
36,7,34.16985,123.53982,34.94519,344.95658,14.51473,16.25230,0.000000859
36,8,31.76155,149.42400,44.99907,331.18647,19.29705,17.56853,0.000001101
36,9,29.41787,111.97361,28.78239,318.02068,11.88158,14.34005,0.000000595
36,10,31.74447,133.70357,39.49889,348.35797,16.83547,17.10856,0.000001386
36,11,33.56239,145.03151,44.43765,319.21973,18.78399,16.84693,0.000000418
36,12,30.14099,112.77221,39.23645,303.48814,16.10022,15.80346,0.000000538
36,13,28.45498,106.30776,29.06604,295.46762,12.13984,13.89928,0.000000842
36,14,37.91352,131.45956,38.81987,382.90812,16.43442,18.03295,0.000001136
36,15,31.37439,104.28422,24.30631,321.43336,10.04228,14.89567,0.000001255
36,16,34.82423,115.27741,35.01399,361.03544,14.39875,18.46551,0.000000502
36,17,28.24278,98.79982,30.55487,291.89596,12.35189,15.00550,0.000001141
36,18,33.94565,116.43755,34.44447,328.76635,14.69058,17.45488,0.000001293
36,19,40.62832,132.23958,45.32000,333.88428,19.27922,17.40759,0.000000808
36,20,31.59146,126.08824,34.30580,335.95566,14.32641,16.17137,0.000000687
36,21,35.62329,155.67315,45.64007,352.57356,19.25515,16.88220,0.000000840
36,22,35.19844,139.23109,35.12818,371.99869,14.29242,18.87892,0.000001090
36,23,30.61021,113.66468,34.50357,316.47223,14.14331,16.53618,0.000000795
36,24,30.75959,119.28143,28.46406,315.07188,12.36170,15.50354,0.000000653
36,25,33.37276,98.65715,28.63436,312.60103,11.97898,15.95133,0.000001452
36,26,34.75913,115.15235,29.41094,355.69139,12.08377,16.30289,0.000001191
36,27,32.37799,136.26455,40.85600,364.64111,16.56699,16.47174,0.000001462
36,28,35.66687,170.73787,55.82595,408.70734,22.95231,19.68283,0.000001271
36,29,29.87162,84.45498,23.83640,296.20977,9.92264,15.63331,0.000000691
36,30,34.40682,151.64575,41.72361,367.19280,18.09787,17.85209,0.000002563
36,31,36.25864,124.78839,33.93440,351.41060,14.82136,18.11920,0.000001201
36,32,32.83894,125.02217,34.57982,346.74519,14.23851,16.41119,0.000000594
36,33,28.98633,123.63986,34.12040,312.81987,14.29699,14.73310,0.000000525
36,34,29.27758,131.93631,34.37938,324.66828,14.00595,14.83105,0.000001547
36,35,34.00399,125.78904,39.84962,330.11426,16.53813,17.40643,0.000000882
36,36,32.14258,144.75471,40.09384,323.09546,16.39536,16.74575,0.000001552
36,37,31.97170,114.89820,28.87987,322.02377,12.47557,17.20176,0.000000434
36,38,30.34785,105.32657,34.65046,303.10432,14.40012,15.05005,0.000002555
36,39,36.39031,160.38837,40.26728,386.02377,16.39429,17.99789,0.000001638
36,40,36.00956,143.60921,40.66387,381.53508,18.30666,21.06478,0.000001533
36,41,32.76915,150.91931,41.72241,368.59143,16.25775,17.11138,0.000001024
36,42,30.98531,82.85378,23.63388,296.56428,10.28617,15.71104,0.000000416
36,43,36.79635,159.87003,45.00258,357.42295,18.68792,18.53157,0.000001589
36,44,33.98174,102.76950,34.41553,342.05603,14.32678,17.58942,0.000000311
36,45,32.43048,139.49952,36.66678,331.88156,14.47036,15.51512,0.000001401
36,46,30.41322,111.76665,29.90679,303.06880,12.38819,15.76115,0.000000677
36,47,36.26226,137.68774,29.70961,379.54602,12.73883,18.35734,0.000000367
36,48,35.18781,125.86824,33.64160,362.21333,14.25628,17.05191,0.000000383
36,49,32.87260,119.67439,35.69888,326.46000,14.38899,16.58334,0.000001570
36,50,35.91246,121.34716,29.68556,368.04213,12.41561,16.30983,0.000000684
36,51,31.81771,126.50705,28.31845,332.69960,13.31744,16.99400,0.000000545
36,52,32.76617,122.45219,34.30756,332.40324,14.06380,15.59124,0.000000938
36,53,30.80600,121.78653,34.41603,310.26866,14.32284,16.00086,0.000000528
36,54,34.27889,133.24130,42.01579,354.61294,17.37728,24.11290,0.000000472
36,55,34.60300,142.58552,44.86414,338.96940,19.37587,17.98219,0.000000665
36,56,33.58806,134.75878,39.18664,342.02790,16.58935,17.47582,0.000000998
36,57,31.64367,119.06153,38.54456,323.95851,16.60066,16.88729,0.000001241
36,58,30.99526,117.61288,35.83602,306.58764,14.13314,14.48729,0.000001264
36,59,32.53972,108.52915,28.60346,296.77332,12.03204,15.89500,0.000001040
36,60,41.70510,131.74966,35.76066,330.11859,14.39856,17.33649,0.000000422
36,61,33.55948,196.12992,66.65339,384.05213,27.09254,18.28168,0.000001604
36,62,30.66220,104.80271,30.38687,327.46651,12.06304,15.37850,0.000000881
36,63,29.78998,123.47145,29.09492,307.50553,12.38809,14.27710,0.000000366
36,64,32.74557,156.38187,46.15938,358.44966,18.74977,17.12204,0.000001015
36,65,34.93234,104.52139,28.66873,330.15886,12.25163,15.68399,0.000001048
36,66,29.18266,96.41873,31.21254,275.91639,11.70098,13.47731,0.000001165
36,67,25.14601,105.18400,29.79982,266.77757,13.42018,12.71366,0.000000840
36,68,31.74390,107.36630,29.89568,295.70189,12.12517,15.74822,0.000001556
36,69,41.35955,145.78675,40.83355,405.34399,15.23016,19.39844,0.000001005
36,70,35.91687,152.24275,45.03727,378.61593,19.17061,19.23806,0.000001430
36,71,33.37734,126.64469,40.14438,388.95171,17.86832,17.82134,0.000002126
36,72,32.65401,114.35286,29.24424,325.73230,12.35767,16.84031,0.000000878
36,73,34.44499,173.34751,55.26343,378.94847,22.98586,18.07480,0.000001293
36,74,33.03735,129.12517,29.27499,348.78475,13.26213,16.26275,0.000000984
36,75,33.72308,128.36465,34.39972,364.23415,14.21592,16.80305,0.000000533
36,76,40.34942,139.85408,39.99883,351.11236,16.43338,18.09083,0.000000842
36,77,35.42671,179.99185,55.35960,386.30000,23.05424,19.96532,0.000002083
36,78,26.66199,94.90952,29.35613,273.87965,12.02224,13.37502,0.000000878
36,79,35.39386,125.44796,33.76220,355.71134,14.66226,18.42662,0.000000836
36,80,35.08805,201.83434,62.58477,394.67127,26.90080,19.14777,0.000001546
36,81,35.38475,143.58357,40.17668,389.60765,16.44723,18.50323,0.000000981
36,82,31.72708,116.69127,33.50228,313.35078,14.39331,16.11433,0.000001445
36,83,35.40875,129.84809,33.91126,334.76086,14.77288,17.16928,0.000001676
36,84,29.45292,121.08869,35.40178,320.71681,14.12236,15.07077,0.000001323
36,85,35.76942,88.39818,23.99963,293.81972,10.41579,15.27469,0.000000402
36,86,35.24013,112.40902,34.12187,334.44295,14.43688,17.15391,0.000001800
36,87,32.77663,118.56883,28.95422,322.10368,12.01456,15.55141,0.000000711
36,88,35.73786,132.00754,29.65599,355.62582,12.34358,17.67691,0.000000391
36,89,31.04039,127.49251,34.40147,338.42037,15.00890,15.66660,0.000000376
36,90,34.42278,119.74511,29.54184,348.88229,12.53300,16.77465,0.000000697
36,91,32.78385,121.62411,29.28124,328.18885,12.42519,15.18529,0.000000406
36,92,40.97285,100.83351,29.17032,349.63401,12.42491,16.06654,0.000000628
36,93,35.94617,138.11210,41.66124,376.55191,16.57413,19.33287,0.000000916
36,94,27.45646,97.20914,31.91524,293.68484,12.16922,14.06206,0.000000443
36,95,34.50537,136.66718,40.79917,375.21417,16.41637,17.62120,0.000000406
36,96,37.04470,152.54419,39.56385,387.18025,16.64852,19.56979,0.000000896
36,97,31.99149,113.61386,34.81810,309.92942,14.44481,16.41752,0.000001519
36,98,35.12960,129.68640,40.09009,361.48514,16.80187,18.42886,0.000001532
36,99,33.74057,107.58025,29.40442,334.50038,12.19893,16.38819,0.000000194
40,0,40.64609,159.45026,46.18112,377.31646,19.46974,19.93813,0.000000617
40,1,35.77494,131.62229,34.65742,363.98370,15.19087,17.46324,0.000000625
40,2,37.43431,109.01254,33.96070,363.07861,14.57551,18.83731,0.000000947
40,3,37.20133,121.38393,28.65605,348.96276,12.06907,16.31834,0.000001102
40,4,41.98754,158.40161,45.21111,420.67938,20.06144,19.88697,0.000001043
40,5,32.98729,94.96183,28.83354,304.17003,11.82180,16.43726,0.000000712
40,6,39.32434,132.28633,34.45316,370.64810,14.27988,17.77380,0.000000515
40,7,36.67524,129.46666,28.76623,346.46752,12.92191,16.88653,0.000000444
40,8,36.03740,143.52200,40.52930,358.47590,16.36142,17.05598,0.000000873
40,9,41.05903,147.67186,39.74041,395.13766,16.25654,21.34165,0.000001928
40,10,35.44607,96.18945,23.07692,332.98491,10.31035,17.34807,0.000000809
40,11,41.95449,132.96524,34.94087,357.88336,14.49253,18.42869,0.000001386
40,12,37.79143,118.34370,29.00288,364.83614,12.30800,18.69790,0.000001364
40,13,37.95118,156.25229,44.98503,364.40418,18.80929,19.58333,0.000001171
40,14,35.07996,118.22771,34.86546,336.97686,14.14608,15.79784,0.000001803
40,15,42.91752,127.01752,36.45580,424.18564,14.52612,19.35834,0.000001463
40,16,36.88067,135.53090,29.53685,360.18006,12.58732,17.31074,0.000000505
40,17,34.22423,113.90036,23.34870,326.91370,9.89839,15.47240,0.000000403
40,18,42.87543,138.02848,35.09324,420.97256,14.29127,21.02787,0.000000716
40,19,32.54561,109.17420,29.79918,327.98812,12.03247,15.68198,0.000000473
40,20,44.20643,181.71062,50.72961,446.64051,20.54111,20.57175,0.000001410
40,21,40.23384,134.86582,39.39923,377.37938,16.47018,17.63780,0.000000642
40,22,34.46299,136.59282,34.47336,353.20581,14.55297,17.09915,0.000001679
40,23,41.06333,113.36076,35.59501,381.14328,14.23261,21.00296,0.000002540
40,24,38.97674,105.36704,26.69504,364.84711,9.97630,18.13302,0.000000383
40,25,36.61754,148.14383,40.21924,362.27644,16.62014,17.51538,0.000002058
40,26,38.32313,123.66991,35.60818,342.14206,14.36451,17.74298,0.000000341
40,27,34.19093,102.66675,23.57867,313.98174,10.14125,15.03140,0.000001134
40,28,36.96473,131.54327,33.80385,353.28657,14.31353,17.80075,0.000000970
40,29,40.12080,141.39045,45.05713,371.55972,18.65650,18.60503,0.000001175
40,30,36.87725,120.31067,34.06095,353.26934,14.29518,18.25112,0.000000635
40,31,41.22479,142.18403,35.26528,396.65356,14.20515,18.27196,0.000000699
40,32,35.72836,105.16749,29.13540,345.12238,12.70691,22.08231,0.000000711
40,33,53.02171,152.99923,44.67274,399.94340,18.61332,20.71474,0.000001888
40,34,32.87983,109.07542,29.85420,328.63969,12.12757,16.03045,0.000000240
40,35,39.74701,147.43925,33.71290,406.02534,14.15372,18.70858,0.000001527
40,36,38.11034,129.90828,33.97116,377.58575,14.31838,18.05766,0.000001290
40,37,35.30431,103.87220,24.78882,329.23613,9.97215,15.47695,0.000000643
40,38,38.64374,112.99342,31.71673,377.01028,12.60700,17.91420,0.000000331
40,39,44.48367,194.83946,47.05224,460.57100,18.80010,21.79097,0.000001898
40,40,40.07134,154.42440,44.34265,390.16037,19.00140,20.98289,0.000001254
40,41,37.09374,141.37356,40.31703,363.86728,16.12546,19.45490,0.000000956
40,42,43.35513,165.81977,46.78243,417.66029,19.09848,21.24774,0.000001703
40,43,40.69414,158.59595,35.16433,414.10941,14.28500,19.18879,0.000001340
40,44,37.90147,113.49472,29.02965,350.42757,12.30183,16.80858,0.000000432
40,45,40.34384,136.13545,38.70984,370.11801,16.49263,17.78224,0.000001162
40,46,35.62196,131.31137,39.36105,367.88588,16.35868,17.47366,0.000001167
40,47,37.64699,123.24894,33.98422,373.95681,14.31978,19.67654,0.000000867
40,48,40.23980,108.77734,28.85779,369.47819,12.15976,17.42279,0.000000900
40,49,32.71198,103.67238,29.95001,316.45791,12.16160,15.53016,0.000000391
40,50,37.97140,125.46253,34.03502,380.19107,14.71200,18.46208,0.000000942
40,51,39.71677,116.59426,34.38849,353.54304,14.49765,18.07438,0.000001648
40,52,35.68647,144.75179,35.82962,362.68578,14.61325,16.90660,0.000001490
40,53,40.09677,141.48065,41.02280,415.02139,16.84868,20.46357,0.000001460
40,54,35.56184,120.63609,34.76579,327.35808,14.28410,17.05159,0.000000803
40,55,38.81236,134.07807,39.24509,354.46399,16.92728,18.43853,0.000000801
40,56,40.03389,167.20901,38.98953,400.66266,16.44184,19.28886,0.000001091
40,57,37.06085,126.90152,34.89489,337.74495,14.36717,16.08927,0.000000775
40,58,44.29587,127.77874,39.11518,421.52703,16.71240,20.87165,0.000000590
40,59,38.27239,140.38165,40.97924,410.98774,17.72242,19.15823,0.000001205
40,60,38.38760,126.78944,29.26859,366.47186,12.10522,18.15126,0.000000411
40,61,34.12171,112.84463,30.29368,333.52758,12.31331,16.00975,0.000000382
40,62,38.57230,118.32454,29.25466,369.16282,12.15593,18.57710,0.000000505
40,63,39.32448,142.14795,41.53127,380.26680,16.83985,20.27234,0.000000937
40,64,42.78611,170.99528,54.48121,426.75409,21.63272,22.76295,0.000001583
40,65,47.02044,107.78204,30.38569,415.21560,12.98365,20.00473,0.000000910
40,66,43.18614,160.67314,44.86659,360.59359,16.61541,16.70129,0.000001292
40,67,40.63910,127.90702,35.75142,347.41419,15.05894,18.38411,0.000000355
40,68,39.79029,115.13011,35.42652,353.02647,14.65111,17.49028,0.000000573
40,69,38.90486,140.66876,39.86079,367.76073,16.39649,17.76371,0.000001228
40,70,53.13466,228.91792,52.22239,553.78865,19.72782,27.71014,0.000000392
40,71,60.90341,209.21736,54.43619,501.71460,20.83214,24.36622,0.000001524
40,72,45.89062,137.98438,34.96065,385.18676,14.85176,22.18662,0.000001097
40,73,36.74749,122.35501,34.51901,353.89538,14.36612,18.00530,0.000001474
40,74,48.02074,168.76997,44.61512,447.01424,18.59740,22.14644,0.000000689
40,75,44.51074,111.83784,34.82276,328.58714,14.17359,17.36526,0.000000662
40,76,35.61120,91.73227,24.32144,337.13741,10.34585,17.96872,0.000001492
40,77,43.14839,135.92932,35.60493,408.22568,14.51235,20.03767,0.000000898
40,78,37.41038,88.14503,29.26192,327.09574,12.06360,17.26804,0.000000583
40,79,37.88073,104.00265,29.54476,314.69604,12.46923,16.45919,0.000000873
40,80,37.70950,113.49797,28.95204,327.49005,12.29485,16.70674,0.000000426
40,81,40.50355,169.60820,55.06365,376.66931,23.40348,19.14794,0.000001249
40,82,36.90423,116.03342,35.29927,335.33788,14.53125,17.56573,0.000000835
40,83,38.01883,121.15972,29.01393,366.38298,12.32821,18.68948,0.000000388
40,84,37.65807,171.30880,49.19641,391.17766,18.98554,18.68315,0.000001715
40,85,37.65742,106.02094,23.55700,357.83225,10.15766,17.39716,0.000000594
40,86,40.71034,120.73767,39.86513,370.72909,16.52224,17.22462,0.000000536
40,87,35.03760,118.78779,29.19218,339.07441,12.03813,15.74499,0.000001300
40,88,39.39323,101.17591,29.41071,332.03689,12.22947,17.37915,0.000000508
40,89,37.12788,141.53181,40.54194,369.76435,16.91886,18.59013,0.000001200
40,90,39.28042,129.50935,40.31564,394.59596,17.30142,21.86802,0.000000558
40,91,38.52087,130.69677,39.77134,366.22701,16.81138,19.39044,0.000001318
40,92,34.06218,119.66858,34.48178,346.56353,14.58053,16.76390,0.000000557
40,93,41.54448,130.31273,40.39196,391.55112,17.38965,20.16109,0.000001057
40,94,38.88159,139.41744,35.01843,373.04815,14.59611,19.17126,0.000000903
40,95,35.64342,130.55622,42.00565,361.93300,16.62624,16.78483,0.000001058
40,96,38.01834,147.03680,41.37544,394.84641,16.70181,18.55988,0.000001235
40,97,40.04623,102.33127,24.34564,342.48750,9.74668,15.69053,0.000000668
40,98,37.07398,108.61963,29.86919,332.99198,12.14830,16.95067,0.000000941
40,99,39.79068,154.44053,50.09801,380.22826,21.35137,19.15497,0.000000665
